{"cameraMode":{"drawMode":0,"name":"Shaded","section":"Shading Mode"},"sceneLighting":false,"audioPlay":false,"sceneViewState":{"m_AlwaysRefresh":false,"showFog":true,"showSkybox":false,"showFlares":true,"showImageEffects":true,"showParticleSystems":true,"showVisualEffectGraphs":true,"m_FxEnabled":true},"in2DMode":false,"pivot":{"x":-0.5014530420303345,"y":0.16840362548828126,"z":-0.06273221969604492},"rotation":{"x":0.21285958588123322,"y":2.628828781325865e-7,"z":3.905830396888632e-7,"w":0.977084755897522},"size":0.8660253882408142,"orthographic":true}