{"cameraMode":{"drawMode":0,"name":"Shaded","section":"Shading Mode"},"sceneLighting":false,"audioPlay":false,"sceneViewState":{"m_AlwaysRefresh":false,"showFog":true,"showSkybox":false,"showFlares":true,"showImageEffects":true,"showParticleSystems":true,"showVisualEffectGraphs":true,"m_FxEnabled":true},"in2DMode":false,"pivot":{"x":0.9992599487304688,"y":0.1196213960647583,"z":-0.34503865242004397},"rotation":{"x":0.35448557138442995,"y":0.258633017539978,"z":-0.1027015894651413,"w":0.8926963806152344},"size":1.0665754079818726,"orthographic":false}