{"cameraMode":{"drawMode":0,"name":"Shaded","section":"Shading Mode"},"sceneLighting":false,"audioPlay":false,"sceneViewState":{"m_AlwaysRefresh":false,"showFog":true,"showSkybox":false,"showFlares":true,"showImageEffects":true,"showParticleSystems":true,"showVisualEffectGraphs":true,"m_FxEnabled":true},"in2DMode":false,"pivot":{"x":13.439915657043457,"y":15.414850234985352,"z":-5.042823314666748},"rotation":{"x":0.03976087644696236,"y":0.5174313187599182,"z":-0.024078210815787317,"w":0.8544632792472839},"size":21.68524742126465,"orthographic":false}