{"cameraMode":{"drawMode":0,"name":"Shaded","section":"Shading Mode"},"sceneLighting":false,"audioPlay":false,"sceneViewState":{"m_AlwaysRefresh":false,"showFog":true,"showSkybox":false,"showFlares":true,"showImageEffects":true,"showParticleSystems":true,"showVisualEffectGraphs":true,"m_FxEnabled":true},"in2DMode":false,"pivot":{"x":-0.16549038887023927,"y":-0.46865785121917727,"z":-11.547141075134278},"rotation":{"x":0.009450426325201989,"y":-0.43575024604797366,"z":0.0045755403116345409,"w":0.9000069499015808},"size":7.082376480102539,"orthographic":false}