{"cameraMode":{"drawMode":0,"name":"Shaded","section":"Shading Mode"},"sceneLighting":false,"audioPlay":false,"sceneViewState":{"m_AlwaysRefresh":false,"showFog":true,"showSkybox":false,"showFlares":true,"showImageEffects":true,"showParticleSystems":true,"showVisualEffectGraphs":true,"m_FxEnabled":true},"in2DMode":false,"pivot":{"x":6.863638877868652,"y":2.7008652687072756,"z":5.1608734130859379},"rotation":{"x":0.03898654133081436,"y":0.013489322736859322,"z":-0.0005263498751446605,"w":0.9991487264633179},"size":5.364203453063965,"orthographic":false}