{"cameraMode":{"drawMode":0,"name":"Shaded","section":"Shading Mode"},"sceneLighting":true,"audioPlay":false,"sceneViewState":{"m_AlwaysRefresh":false,"showFog":true,"showSkybox":true,"showFlares":true,"showImageEffects":true,"showParticleSystems":true,"showVisualEffectGraphs":true,"m_FxEnabled":true},"in2DMode":false,"pivot":{"x":-3.6694564819335939,"y":-1.806227445602417,"z":1.1104398965835572},"rotation":{"x":0.002262439811602235,"y":-0.6566701531410217,"z":0.0019700084812939169,"w":0.7541729211807251},"size":4.672087669372559,"orthographic":false}